Name,Section,Position,Photo,Email,GitHub,GoogleScholar,Bio,CV,Show
Justin B. Kinney,Principal Investigator,"Professor and Chair, Simons Center for Quantitative Biology",pictures/justin_picture.png,jbkinney@cshl.edu,https://github.com/jbkinney,https://scholar.google.com/citations?user=lAS1T9BopYMC&hl=en,"Dr. Kinney completed his Ph.D. in Physics at Princeton University in 2008 and began his term as a Quantitative Biology Fellow at CSHL in 2010. His research focuses on developing next-generation DNA sequencing as a tool for dissecting the biophysical mechanisms of gene regulation. As a graduate student, Kinney co-invented a widely used technique now known as the massively parallel reporter assay (MPRA). Kinney and colleagues further showed how, using ideas from information theory, such experiments could be used to infer quantitative biophysical models for how cells regulate gene expression. The Kinney lab continues to leverage a tightly knit combination of mathematical theory, machine learning, and experiments in order to illuminate the biophysics of gene regulation in two diverse contexts: bacterial transcriptional regulation and alternative mRNA splicing in humans. This latter context is highly relevant to understanding and treating human diseases like Spinal Muscular Atrophy and Cancer. The Kinney lab also develops algorithms and software for the analysis of MPRAs and other multiplex assays of variant effect (MAVEs).",/cv/kinney_cv.pdf,TRUE
John Desmarais,Postdoctoral Researchers,Postdoc,pictures/jack_picture.jpg,desmara@cshl.edu,,,,,TRUE
Zhihan Liu,Postdoctoral Researchers,Postdoc,pictures/leo_picture.jpg,zhliu@cshl.edu,https://github.com/Zhihan-Leo-Liu,,,,TRUE
Kaiser Loell,Postdoctoral Researchers,Postdoc,pictures/kaiser_picture.png,loell@cshl.edu,,,,,TRUE
Deborah Tenenbaum,Postdoctoral Researchers,Postdoc,pictures/deborah_picture.jpg,tebenba@cshl.edu,,,,,TRUE
Yuma Ishigami,Postdoctoral Researchers,Postdoc,pictures/yuma_picture.jpg,ishigam@cshl.edu,,,,,TRUE
Andalus Ayaz,Staff,Research Technician,pictures/andalus_picture.png,aayaz@cshl.edu,,,,,TRUE
Aidan Cordero,Staff,Computational Science Developer,pictures/aidan_picture.png,aicorder@cshl.edu,https://github.com/aidancordero2,https://scholar.google.com/citations?hl=en&user=No7MvSYAAAAJ,Aidan is a Computational Science Developer in the Kinney Lab.,,FALSE
Susan Fredericks,Staff,Scientific Administrator,pictures/susan_picture.jpg,sfrederi@cshl.edu,,,,,TRUE
